<eagle version="6.1"><drawing><settings><setting alwaysvectorfont="no" verticaltext="up"/></settings><grid distance="0.1" unitdist="inch" unit="inch" style="lines" multiple="1" display="no" altdistance="0.01" altunitdist="inch" altunit="inch"/><layers><layer number="91" name="Nets" color="2" fill="1" visible="yes" active="yes"/><layer number="92" name="Busses" color="1" fill="1" visible="yes" active="yes"/><layer number="93" name="Pins" color="2" fill="1" visible="no" active="yes"/><layer number="94" name="Symbols" color="4" fill="1" visible="yes" active="yes"/><layer number="95" name="Names" color="7" fill="1" visible="yes" active="yes"/><layer number="96" name="Values" color="7" fill="1" visible="yes" active="yes"/><layer number="97" name="Info" color="7" fill="1" visible="yes" active="yes"/><layer number="98" name="Guide" color="6" fill="1" visible="yes" active="yes"/></layers><schematic><libraries><library name="AcceleratedDesigns_Lib"><packages><package name="0603"><pad name="1" drill="0" y="0" x="-0.6985"/><pad name="2" drill="0" y="0" x="0.6985"/></package><package name="0402"><pad name="1" drill="0" y="0" x="-0.4191"/><pad name="2" drill="0" y="0" x="0.4191"/></package><package name="0805"><pad name="1" drill="0" y="0" x="-0.9017"/><pad name="2" drill="0" y="0" x="0.9017"/></package><package name="XAL5030"><pad name="1" drill="0" y="0" x="-1.651"/><pad name="2" drill="0" y="0" x="1.651"/></package><package name="PWP0020P_N"><pad name="1" drill="0" y="2.925" x="-2.95"/><pad name="2" drill="0" y="2.275" x="-2.95"/><pad name="3" drill="0" y="1.625" x="-2.95"/><pad name="4" drill="0" y="0.975" x="-2.95"/><pad name="5" drill="0" y="0.325" x="-2.95"/><pad name="6" drill="0" y="-0.325" x="-2.95"/><pad name="7" drill="0" y="-0.975" x="-2.95"/><pad name="8" drill="0" y="-1.625" x="-2.95"/><pad name="9" drill="0" y="-2.275" x="-2.95"/><pad name="10" drill="0" y="-2.925" x="-2.95"/><pad name="11" drill="0" y="-2.925" x="2.95"/><pad name="12" drill="0" y="-2.275" x="2.95"/><pad name="13" drill="0" y="-1.625" x="2.95"/><pad name="14" drill="0" y="-0.975" x="2.95"/><pad name="15" drill="0" y="-0.325" x="2.95"/><pad name="16" drill="0" y="0.325" x="2.95"/><pad name="17" drill="0" y="0.975" x="2.95"/><pad name="18" drill="0" y="1.625" x="2.95"/><pad name="19" drill="0" y="2.275" x="2.95"/><pad name="20" drill="0" y="2.925" x="2.95"/><pad name="21" drill="0" y="0" x="0"/></package><package name="PWP0020P_M"><pad name="1" drill="0" y="2.925" x="-3.05"/><pad name="2" drill="0" y="2.275" x="-3.05"/><pad name="3" drill="0" y="1.625" x="-3.05"/><pad name="4" drill="0" y="0.975" x="-3.05"/><pad name="5" drill="0" y="0.325" x="-3.05"/><pad name="6" drill="0" y="-0.325" x="-3.05"/><pad name="7" drill="0" y="-0.975" x="-3.05"/><pad name="8" drill="0" y="-1.625" x="-3.05"/><pad name="9" drill="0" y="-2.275" x="-3.05"/><pad name="10" drill="0" y="-2.925" x="-3.05"/><pad name="11" drill="0" y="-2.925" x="3.05"/><pad name="12" drill="0" y="-2.275" x="3.05"/><pad name="13" drill="0" y="-1.625" x="3.05"/><pad name="14" drill="0" y="-0.975" x="3.05"/><pad name="15" drill="0" y="-0.325" x="3.05"/><pad name="16" drill="0" y="0.325" x="3.05"/><pad name="17" drill="0" y="0.975" x="3.05"/><pad name="18" drill="0" y="1.625" x="3.05"/><pad name="19" drill="0" y="2.275" x="3.05"/><pad name="20" drill="0" y="2.925" x="3.05"/><pad name="21" drill="0" y="0" x="0"/></package><package name="PWP0020P_L"><pad name="1" drill="0" y="2.925" x="-2.85"/><pad name="2" drill="0" y="2.275" x="-2.85"/><pad name="3" drill="0" y="1.625" x="-2.85"/><pad name="4" drill="0" y="0.975" x="-2.85"/><pad name="5" drill="0" y="0.325" x="-2.85"/><pad name="6" drill="0" y="-0.325" x="-2.85"/><pad name="7" drill="0" y="-0.975" x="-2.85"/><pad name="8" drill="0" y="-1.625" x="-2.85"/><pad name="9" drill="0" y="-2.275" x="-2.85"/><pad name="10" drill="0" y="-2.925" x="-2.85"/><pad name="11" drill="0" y="-2.925" x="2.85"/><pad name="12" drill="0" y="-2.275" x="2.85"/><pad name="13" drill="0" y="-1.625" x="2.85"/><pad name="14" drill="0" y="-0.975" x="2.85"/><pad name="15" drill="0" y="-0.325" x="2.85"/><pad name="16" drill="0" y="0.325" x="2.85"/><pad name="17" drill="0" y="0.975" x="2.85"/><pad name="18" drill="0" y="1.625" x="2.85"/><pad name="19" drill="0" y="2.275" x="2.85"/><pad name="20" drill="0" y="2.925" x="2.85"/><pad name="21" drill="0" y="0" x="0"/></package><package name="WB_GND"><pad name="1" drill="0" y="0" x="0"/></package><package name="WB_BATTERY"><pad name="1" drill="0" y="0" x="0"/><pad name="2" drill="0" y="0" x="0"/></package><package name="WB_CURRENT_LOAD"><pad name="1" drill="0" y="0" x="0"/><pad name="2" drill="0" y="0" x="0"/></package></packages><symbols><symbol name="C0603C104Z3VACTU@1"><pin name="1@1" x="7.62" y="0" rot="MR0" direction="pas" length="short" visible="both" swaplevel="0"/><pin name="2@2" x="-7.62" y="0" rot="MR180" direction="pas" length="short" visible="both" swaplevel="0"/><wire x1="7.62" y1="0" x2="5.08" y2="0" width="0.1524" layer="94"/><wire x1="-7.62" y1="0" x2="-5.08" y2="0" width="0.1524" layer="94"/><wire x1="0.762" y1="-3.048" x2="0.762" y2="3.048" width="0.1524" layer="94"/><wire x1="-5.08" y1="0" x2="-0.762" y2="0" width="0.1524" layer="94"/><wire x1="0.762" y1="0" x2="5.08" y2="0" width="0.1524" layer="94"/><wire x1="-0.762" y1="-3.048" x2="-0.762" y2="3.048" width="0.1524" layer="94"/><text size="2" x="0" y="0" layer="95" align="center">&gt;NAME</text><text size="2" x="0" y="0" layer="96" align="center">&gt;VALUE</text></symbol><symbol name="GRM155R71A104KA01D@1"><pin name="1@1" x="7.62" y="0" rot="MR0" direction="pas" length="short" visible="both" swaplevel="0"/><pin name="2@2" x="-7.62" y="0" rot="MR180" direction="pas" length="short" visible="both" swaplevel="0"/><wire x1="7.62" y1="0" x2="5.08" y2="0" width="0.1524" layer="94"/><wire x1="-7.62" y1="0" x2="-5.08" y2="0" width="0.1524" layer="94"/><wire x1="0.762" y1="-3.048" x2="0.762" y2="3.048" width="0.1524" layer="94"/><wire x1="-5.08" y1="0" x2="-0.762" y2="0" width="0.1524" layer="94"/><wire x1="0.762" y1="0" x2="5.08" y2="0" width="0.1524" layer="94"/><wire x1="-0.762" y1="-3.048" x2="-0.762" y2="3.048" width="0.1524" layer="94"/><text size="2" x="0" y="0" layer="95" align="center">&gt;NAME</text><text size="2" x="0" y="0" layer="96" align="center">&gt;VALUE</text></symbol><symbol name="C2012X7R1H104K085AA@1"><pin name="1@1" x="7.62" y="0" rot="MR0" direction="pas" length="short" visible="both" swaplevel="0"/><pin name="2@2" x="-7.62" y="0" rot="MR180" direction="pas" length="short" visible="both" swaplevel="0"/><wire x1="7.62" y1="0" x2="5.08" y2="0" width="0.1524" layer="94"/><wire x1="-7.62" y1="0" x2="-5.08" y2="0" width="0.1524" layer="94"/><wire x1="0.762" y1="-3.048" x2="0.762" y2="3.048" width="0.1524" layer="94"/><wire x1="-5.08" y1="0" x2="-0.762" y2="0" width="0.1524" layer="94"/><wire x1="0.762" y1="0" x2="5.08" y2="0" width="0.1524" layer="94"/><wire x1="-0.762" y1="-3.048" x2="-0.762" y2="3.048" width="0.1524" layer="94"/><text size="2" x="0" y="0" layer="95" align="center">&gt;NAME</text><text size="2" x="0" y="0" layer="96" align="center">&gt;VALUE</text></symbol><symbol name="GMK212BJ474KG-T@1"><pin name="1@1" x="7.62" y="0" rot="MR0" direction="pas" length="short" visible="both" swaplevel="0"/><pin name="2@2" x="-7.62" y="0" rot="MR180" direction="pas" length="short" visible="both" swaplevel="0"/><wire x1="7.62" y1="0" x2="5.08" y2="0" width="0.1524" layer="94"/><wire x1="-7.62" y1="0" x2="-5.08" y2="0" width="0.1524" layer="94"/><wire x1="0.762" y1="-3.048" x2="0.762" y2="3.048" width="0.1524" layer="94"/><wire x1="-5.08" y1="0" x2="-0.762" y2="0" width="0.1524" layer="94"/><wire x1="0.762" y1="0" x2="5.08" y2="0" width="0.1524" layer="94"/><wire x1="-0.762" y1="-3.048" x2="-0.762" y2="3.048" width="0.1524" layer="94"/><text size="2" x="0" y="0" layer="95" align="center">&gt;NAME</text><text size="2" x="0" y="0" layer="96" align="center">&gt;VALUE</text></symbol><symbol name="C2012X5R1V226M125AC@1"><pin name="1@1" x="7.62" y="0" rot="MR0" direction="pas" length="short" visible="both" swaplevel="0"/><pin name="2@2" x="-7.62" y="0" rot="MR180" direction="pas" length="short" visible="both" swaplevel="0"/><wire x1="7.62" y1="0" x2="5.08" y2="0" width="0.1524" layer="94"/><wire x1="-7.62" y1="0" x2="-5.08" y2="0" width="0.1524" layer="94"/><wire x1="0.762" y1="-3.048" x2="0.762" y2="3.048" width="0.1524" layer="94"/><wire x1="-5.08" y1="0" x2="-0.762" y2="0" width="0.1524" layer="94"/><wire x1="0.762" y1="0" x2="5.08" y2="0" width="0.1524" layer="94"/><wire x1="-0.762" y1="-3.048" x2="-0.762" y2="3.048" width="0.1524" layer="94"/><text size="2" x="0" y="0" layer="95" align="center">&gt;NAME</text><text size="2" x="0" y="0" layer="96" align="center">&gt;VALUE</text></symbol><symbol name="GRM155R61A475MEAAD@1"><pin name="1@1" x="7.62" y="0" rot="MR0" direction="pas" length="short" visible="both" swaplevel="0"/><pin name="2@2" x="-7.62" y="0" rot="MR180" direction="pas" length="short" visible="both" swaplevel="0"/><wire x1="7.62" y1="0" x2="5.08" y2="0" width="0.1524" layer="94"/><wire x1="-7.62" y1="0" x2="-5.08" y2="0" width="0.1524" layer="94"/><wire x1="0.762" y1="-3.048" x2="0.762" y2="3.048" width="0.1524" layer="94"/><wire x1="-5.08" y1="0" x2="-0.762" y2="0" width="0.1524" layer="94"/><wire x1="0.762" y1="0" x2="5.08" y2="0" width="0.1524" layer="94"/><wire x1="-0.762" y1="-3.048" x2="-0.762" y2="3.048" width="0.1524" layer="94"/><text size="2" x="0" y="0" layer="95" align="center">&gt;NAME</text><text size="2" x="0" y="0" layer="96" align="center">&gt;VALUE</text></symbol><symbol name="WB_GND@1"><pin name="1@1" x="0" y="2.54" rot="MR270" direction="pas" length="short" visible="off" swaplevel="0"/><wire x1="0" y1="2.54" x2="0" y2="0" width="0.1524" layer="94"/><wire x1="-3.302" y1="0" x2="3.302" y2="0" width="0.1524" layer="94"/><wire x1="-2.286" y1="-1.016" x2="2.286" y2="-1.016" width="0.1524" layer="94"/><wire x1="-0.762" y1="-2.032" x2="0.762" y2="-2.032" width="0.1524" layer="94"/></symbol><symbol name="XAL5030-472MEB@1"><pin name="2@2" x="7.62" y="0" rot="MR0" direction="pas" length="short" visible="off" swaplevel="0"/><pin name="1@1" x="-7.62" y="0" rot="MR180" direction="pas" length="short" visible="off" swaplevel="0"/><wire cap="round" x1="2.70086965376353" y1="0.835686125023295" x2="2.5488127292636" y2="-6.24799789495706E-04" layer="94" curve="12.47546" width="0.1524"/><wire cap="round" x1="3.80990829544782" y1="1.85597139451402" x2="2.69064524918793" y2="0.838459388755286" layer="94" curve="78.62357" width="0.1524"/><wire cap="round" x1="4.90450120907934" y1="0.838494459997258" x2="3.81012877640754" y2="1.85651641360845" layer="94" curve="79.52696" width="0.1524"/><wire cap="round" x1="5.08194212297714" y1="7.65933497371016E-02" x2="4.90412159312222" y2="0.838683789637753" layer="94" curve="2.683002" width="0.1524"/><wire x1="5.08" y1="7.32740090825246E-14" x2="7.62" y2="8.71708039085205E-14" width="0.1524" layer="94"/><wire cap="round" x1="0.160869647012591" y1="0.835686120495971" x2="8.81272251266148E-03" y2="-6.24804316819648E-04" layer="94" curve="12.47546" width="0.1524"/><wire cap="round" x1="1.26990852880952" y1="1.85597126998469" x2="0.150645552335143" y2="0.838459735984588" layer="94" curve="78.62355" width="0.1524"/><wire cap="round" x1="2.36450120579728" y1="0.838494428025542" x2="1.27012877312548" y2="1.85651638163673" layer="94" curve="79.52696" width="0.1524"/><wire cap="round" x1="2.53556331240561" y1="-0.177885354456139" x2="2.35799865867502" y2="0.83677165558159" layer="94" curve="17.67289" width="0.1524"/><wire cap="round" x1="-2.37913022471952" y1="0.835686100537919" x2="-2.53118714921945" y2="-6.24824274872179E-04" layer="94" curve="12.47546" width="0.1524"/><wire cap="round" x1="-1.27009153439261" y1="1.85597127646014" x2="-2.38935453412885" y2="0.838459585207164" layer="94" curve="78.62356" width="0.1524"/><wire cap="round" x1="-0.17549876466415" y1="0.838494473537584" x2="-1.26987119733595" y2="1.85651642714878" layer="94" curve="79.52696" width="0.1524"/><wire cap="round" x1="-4.43666361586885E-03" y1="-0.177885358125391" x2="-0.182001317346461" y2="0.836771651912338" layer="94" curve="17.67289" width="0.1524"/><wire x1="-7.62" y1="1.31748834064638E-14" x2="-5.08" y2="1.3716316971113E-14" width="0.1524" layer="94"/><wire cap="round" x1="-4.91913036648931" y1="0.835686111441321" x2="-5.07118729098924" y2="-6.2481337147006E-04" layer="94" curve="12.47546" width="0.1524"/><wire cap="round" x1="-3.81009141933233" y1="1.85597124231149" x2="-4.9293543958067" y2="0.838459708311387" layer="94" curve="78.62355" width="0.1524"/><wire cap="round" x1="-2.71549867276639" y1="0.838494472482158" x2="-3.80987126078252" y2="1.85651643468738" layer="94" curve="79.52697" width="0.1524"/><wire cap="round" x1="-2.54443665882017" y1="-0.177885354014588" x2="-2.72200131255076" y2="0.836771656023141" layer="94" curve="17.67289" width="0.1524"/><wire cap="round" x1="-2.54499763137906" y1="2.51755460236626E-03" x2="-2.54499765572502" y2="-0.180317541662839" layer="94" curve="53.47319" width="0.1524"/><wire cap="round" x1="-4.99761237348031E-03" y1="2.51757271580121E-03" x2="-4.9976367194459E-03" y2="-0.180317523549404" layer="94" curve="53.47319" width="0.1524"/><wire cap="round" x1="2.53500243197289" y1="2.51757460827418E-03" x2="2.53500238936746" y2="-0.180317485409697" layer="94" curve="53.47318" width="0.1524"/><text size="2" x="0" y="5.715" layer="95" align="center">&gt;NAME</text><text size="2" x="0" y="3.175" layer="96" align="center">&gt;VALUE</text></symbol><symbol name="ERJ-6ENF1003V@1"><pin name="1@1" x="7.62" y="0" rot="MR0" direction="pas" length="short" visible="off" swaplevel="0"/><pin name="2@2" x="-7.62" y="0" rot="MR180" direction="pas" length="short" visible="off" swaplevel="0"/><wire x1="7.62" y1="0" x2="5.08" y2="0" width="0.1524" layer="94"/><wire x1="5.08" y1="0" x2="3.81" y2="1.524" width="0.1524" layer="94"/><wire x1="3.81" y1="1.524" x2="1.905" y2="-1.524" width="0.1524" layer="94"/><wire x1="1.905" y1="-1.524" x2="0" y2="1.524" width="0.1524" layer="94"/><wire x1="0" y1="1.524" x2="-1.905" y2="-1.524" width="0.1524" layer="94"/><wire x1="-1.905" y1="-1.524" x2="-3.81" y2="1.524" width="0.1524" layer="94"/><wire x1="-3.81" y1="1.524" x2="-5.08" y2="0" width="0.1524" layer="94"/><wire x1="-5.08" y1="0" x2="-7.62" y2="0" width="0.1524" layer="94"/><text size="2" x="0" y="5.715" layer="95" align="center">&gt;NAME</text><text size="2" x="0" y="3.175" layer="96" align="center">&gt;VALUE</text></symbol><symbol name="TPS55165QPWPRQ1@1"><wire x1="-17.78" y1="-27.94" x2="17.78" y2="-27.94" width="0.2032" layer="94"/><wire x1="17.78" y1="-27.94" x2="17.78" y2="27.94" width="0.2032" layer="94"/><wire x1="17.78" y1="27.94" x2="-17.78" y2="27.94" width="0.2032" layer="94"/><wire x1="-17.78" y1="27.94" x2="-17.78" y2="-27.94" width="0.2032" layer="94"/><pin name="PGND@1" x="22.86" y="-17.78" rot="MR0" direction="pwr" length="middle" visible="both" swaplevel="0"/><pin name="L1@2" x="-22.86" y="-10.16" rot="MR180" direction="pas" length="middle" visible="both" swaplevel="0"/><pin name="BST1@3" x="-22.86" y="-2.54" rot="MR180" direction="pas" length="middle" visible="both" swaplevel="0"/><pin name="VINP@4" x="-22.86" y="22.86" rot="MR180" direction="pwr" length="middle" visible="both" swaplevel="0"/><pin name="VINL@5" x="-22.86" y="17.78" rot="MR180" direction="pwr" length="middle" visible="both" swaplevel="0"/><pin name="IGN@6" x="-22.86" y="12.7" rot="MR180" direction="in" length="middle" visible="both" swaplevel="0"/><pin name="PS@7" x="-22.86" y="2.54" rot="MR180" direction="in" length="middle" visible="both" swaplevel="0"/><pin name="IGN_PWRL@8" x="-22.86" y="7.62" rot="MR180" direction="in" length="middle" visible="both" swaplevel="0"/><pin name="SS_EN@9" x="22.86" y="7.62" rot="MR0" direction="in" length="middle" visible="both" swaplevel="0"/><pin name="PG_DLY@10" x="22.86" y="-12.7" rot="MR0" direction="in" length="middle" visible="both" swaplevel="0"/><pin name="VREG_Q@11" x="22.86" y="-7.62" rot="MR0" direction="in" length="middle" visible="both" swaplevel="0"/><pin name="VREG@12" x="22.86" y="-2.54" rot="MR0" direction="out" length="middle" visible="both" swaplevel="0"/><pin name="GND@13" x="22.86" y="-20.32" rot="MR0" direction="pwr" length="middle" visible="both" swaplevel="0"/><pin name="VOS_FB@14" x="22.86" y="2.54" rot="MR0" direction="in" length="middle" visible="both" swaplevel="0"/><pin name="PG@15" x="22.86" y="17.78" rot="MR0" direction="OC" length="middle" visible="both" swaplevel="0"/><pin name="VOUT_SENSE@16" x="22.86" y="12.7" rot="MR0" direction="in" length="middle" visible="both" swaplevel="0"/><pin name="VOUT@17" x="22.86" y="22.86" rot="MR0" direction="pwr" length="middle" visible="both" swaplevel="0"/><pin name="GND@18" x="22.86" y="-22.86" rot="MR0" direction="pwr" length="middle" visible="both" swaplevel="0"/><pin name="BST2@19" x="-22.86" y="-25.4" rot="MR180" direction="pas" length="middle" visible="both" swaplevel="0"/><pin name="L2@20" x="-22.86" y="-17.78" rot="MR180" direction="pas" length="middle" visible="both" swaplevel="0"/><pin name="PAD@21" x="22.86" y="-25.4" rot="MR0" direction="pwr" length="middle" visible="both" swaplevel="0"/><text size="2" x="0" y="2.54" layer="95" align="center">&gt;NAME</text><text size="2" x="0" y="0" layer="96" align="center">&gt;VALUE</text><text size="2" x="0" y="0" layer="96" align="center">&gt;VALUE</text></symbol><symbol name="WB_BATTERY@1"><pin name="+@1" x="-7.62" y="0" rot="MR180" direction="pas" length="short" visible="off" swaplevel="0"/><pin name="-@2" x="7.62" y="0" rot="MR0" direction="pas" length="short" visible="off" swaplevel="0"/><wire x1="-2.032" y1="0" x2="-7.62" y2="0" width="0.1524" layer="94"/><wire x1="-1.778" y1="-3.048" x2="-1.778" y2="3.048" width="0.1524" layer="94"/><wire x1="1.016" y1="-3.048" x2="1.016" y2="3.048" width="0.1524" layer="94"/><wire x1="7.62" y1="0" x2="2.794" y2="0" width="0.1524" layer="94"/><wire x1="-0.508" y1="-1.27" x2="-0.508" y2="1.27" width="0.1524" layer="94"/><wire x1="-0.254" y1="-1.27" x2="-0.254" y2="1.27" width="0.1524" layer="94"/><wire x1="-3.556" y1="2.286" x2="-3.556" y2="3.81" width="0.1524" layer="94"/><wire x1="-2.794" y1="3.048" x2="-4.318" y2="3.048" width="0.1524" layer="94"/><wire x1="3.302" y1="2.54" x2="3.302" y2="3.81" width="0.1524" layer="94"/><wire x1="2.54" y1="-1.27" x2="2.54" y2="1.27" width="0.1524" layer="94"/><wire x1="2.286" y1="-1.27" x2="2.286" y2="1.27" width="0.1524" layer="94"/><text size="2" x="0" y="5.08" layer="95" align="center">&gt;NAME</text></symbol><symbol name="WB_CURRENT_LOAD@1"><pin name="+@1" x="-7.62" y="0" rot="MR180" direction="pas" length="short" visible="off" swaplevel="0"/><pin name="-@2" x="7.62" y="0" rot="MR0" direction="pas" length="short" visible="off" swaplevel="0"/><wire cap="round" x1="-3.80144541893069" y1="6.11111003035226E-05" x2="-2.68631595182662" y2="-2.68638598005626" layer="94" curve="44.25835" width="0.1524"/><wire cap="round" x1="-2.7008340002096" y1="-2.70084492188432" x2="-3.010245531766E-05" y2="-3.82193519093877" layer="94" curve="44.8182" width="0.1524"/><wire cap="round" x1="-1.47901228405671E-05" y1="-3.81607473385618" x2="2.69671339012067" y2="-2.69667753776659" layer="94" curve="45.38076" width="0.1524"/><wire cap="round" x1="2.69020543466835" y1="-2.69018253944063" x2="3.80688023502889" y2="-1.58895406142942E-05" layer="94" curve="45.58721" width="0.1524"/><wire cap="round" x1="3.80144542387741" y1="-6.17958751984642E-05" x2="2.68631643327033" y2="2.68638549307261" layer="94" curve="44.25835" width="0.1524"/><wire cap="round" x1="2.70083237377049" y1="2.70084654561062" x2="2.78042467919214E-05" y2="3.82193519631281" layer="94" curve="44.8182" width="0.1524"/><wire cap="round" x1="1.57980194586995E-05" y1="3.81607473126472" x2="-2.69671268033746" y2="2.69667825335733" layer="94" curve="45.38076" width="0.1524"/><wire cap="round" x1="-2.69020543466835" y1="2.69018253944063" x2="-3.80688023502889" y2="1.58895406171733E-05" layer="94" curve="45.58721" width="0.1524"/><wire x1="7.62" y1="0" x2="3.81" y2="0" width="0.1524" layer="94"/><wire x1="-3.81" y1="0" x2="-7.62" y2="0" width="0.1524" layer="94"/><wire x1="0.762" y1="-1.778" x2="3.048" y2="0" width="0.1524" layer="94"/><wire x1="0.762" y1="1.778" x2="3.048" y2="0" width="0.1524" layer="94"/><wire x1="3.048" y1="0" x2="-3.048" y2="0" width="0.1524" layer="94"/></symbol></symbols><devicesets><deviceset name="C0603C104Z3VACTU" prefix=""><gates><gate name="1" addlevel="always" y="0" x="0" symbol="C0603C104Z3VACTU@1"/></gates><devices><device name="C0603C104Z3VACTU" package="0603"><connects><connect pad="1" pin="1@1" gate="1"/><connect pad="2" pin="2@2" gate="1"/></connects><technologies><technology name=""><attribute name="Cap" value="1.0E-7" constant="no"/><attribute name="ESR" value="0.0" constant="no"/><attribute name="IRMS" value="0.0" constant="no"/><attribute name="VDC" value="25.0" constant="no"/><attribute name="Manufacturer_Part_Number" value="C0603C104Z3VACTU" constant="no"/><attribute name="Vendor" value="Kemet" constant="no"/><attribute name="Manufacturer_Name" value="Kemet" constant="no"/></technology></technologies></device></devices></deviceset><deviceset name="GRM155R71A104KA01D" prefix=""><gates><gate name="1" addlevel="always" y="0" x="0" symbol="GRM155R71A104KA01D@1"/></gates><devices><device name="GRM155R71A104KA01D" package="0402"><connects><connect pad="1" pin="1@1" gate="1"/><connect pad="2" pin="2@2" gate="1"/></connects><technologies><technology name=""><attribute name="Cap" value="1.0E-7" constant="no"/><attribute name="ESR" value="0.0" constant="no"/><attribute name="IRMS" value="0.0" constant="no"/><attribute name="VDC" value="10.0" constant="no"/><attribute name="Manufacturer_Part_Number" value="GRM155R71A104KA01D" constant="no"/><attribute name="Vendor" value="MuRata" constant="no"/><attribute name="Manufacturer_Name" value="MuRata" constant="no"/></technology></technologies></device></devices></deviceset><deviceset name="C2012X7R1H104K085AA" prefix=""><gates><gate name="1" addlevel="always" y="0" x="0" symbol="C2012X7R1H104K085AA@1"/></gates><devices><device name="C2012X7R1H104K085AA" package="0805"><connects><connect pad="1" pin="1@1" gate="1"/><connect pad="2" pin="2@2" gate="1"/></connects><technologies><technology name=""><attribute name="Datasheet_URL" value="https://product.tdk.com/en/search/capacitor/ceramic/mlcc/info?part%5Fno%3DC2012X7R1H104K085AA" constant="no"/><attribute name="Cap" value="1.0E-7" constant="no"/><attribute name="ESR" value="0.02619" constant="no"/><attribute name="IRMS" value="1.29514" constant="no"/><attribute name="VDC" value="50.0" constant="no"/><attribute name="Manufacturer_Part_Number" value="C2012X7R1H104K085AA" constant="no"/><attribute name="Vendor" value="TDK" constant="no"/><attribute name="Manufacturer_Name" value="TDK" constant="no"/></technology></technologies></device></devices></deviceset><deviceset name="GMK212BJ474KG-T" prefix=""><gates><gate name="1" addlevel="always" y="0" x="0" symbol="GMK212BJ474KG-T@1"/></gates><devices><device name="GMK212BJ474KG-T" package="0805"><connects><connect pad="1" pin="1@1" gate="1"/><connect pad="2" pin="2@2" gate="1"/></connects><technologies><technology name=""><attribute name="Cap" value="4.7E-7" constant="no"/><attribute name="ESR" value="0.0" constant="no"/><attribute name="IRMS" value="0.0" constant="no"/><attribute name="VDC" value="35.0" constant="no"/><attribute name="Manufacturer_Part_Number" value="GMK212BJ474KG-T" constant="no"/><attribute name="Vendor" value="Taiyo Yuden" constant="no"/><attribute name="Manufacturer_Name" value="Taiyo Yuden" constant="no"/></technology></technologies></device></devices></deviceset><deviceset name="C2012X5R1V226M125AC" prefix=""><gates><gate name="1" addlevel="always" y="0" x="0" symbol="C2012X5R1V226M125AC@1"/></gates><devices><device name="C2012X5R1V226M125AC" package="0805"><connects><connect pad="1" pin="1@1" gate="1"/><connect pad="2" pin="2@2" gate="1"/></connects><technologies><technology name=""><attribute name="Datasheet_URL" value="https://product.tdk.com/en/search/capacitor/ceramic/mlcc/info?part%5Fno%3DC2012X5R1V226M125AC" constant="no"/><attribute name="Cap" value="2.2E-5" constant="no"/><attribute name="ESR" value="0.00205" constant="no"/><attribute name="IRMS" value="4.55587" constant="no"/><attribute name="VDC" value="35.0" constant="no"/><attribute name="Manufacturer_Part_Number" value="C2012X5R1V226M125AC" constant="no"/><attribute name="Vendor" value="TDK" constant="no"/><attribute name="Manufacturer_Name" value="TDK" constant="no"/></technology></technologies></device></devices></deviceset><deviceset name="GRM155R61A475MEAAD" prefix=""><gates><gate name="1" addlevel="always" y="0" x="0" symbol="GRM155R61A475MEAAD@1"/></gates><devices><device name="GRM155R61A475MEAAD" package="0402"><connects><connect pad="1" pin="1@1" gate="1"/><connect pad="2" pin="2@2" gate="1"/></connects><technologies><technology name=""><attribute name="Datasheet_URL" value="http://search.murata.co.jp/Ceramy/image/img/A01X/G101/ENG/GRM155R61A475MEAA%2D01.pdf" constant="no"/><attribute name="Cap" value="4.7E-6" constant="no"/><attribute name="ESR" value="0.0" constant="no"/><attribute name="IRMS" value="0.0" constant="no"/><attribute name="VDC" value="10.0" constant="no"/><attribute name="Manufacturer_Part_Number" value="GRM155R61A475MEAAD" constant="no"/><attribute name="Vendor" value="MuRata" constant="no"/><attribute name="Manufacturer_Name" value="MuRata" constant="no"/></technology></technologies></device></devices></deviceset><deviceset name="WB_GND" prefix=""><gates><gate name="1" addlevel="always" y="0" x="0" symbol="WB_GND@1"/></gates><devices><device name="WB_GND" package="WB_GND"><connects><connect pad="1" pin="1@1" gate="1"/></connects><technologies><technology name=""><attribute name="Value" value="Value" constant="no"/><attribute name="Manufacturer_Part_Number" value="WB_GND" constant="no"/><attribute name="Manufacturer_Name" value="WB_GND" constant="no"/><attribute name="PowerPortType" value="POWER_GROUND" constant="no"/></technology></technologies></device></devices></deviceset><deviceset name="XAL5030-472MEB" prefix=""><gates><gate name="1" addlevel="always" y="0" x="0" symbol="XAL5030-472MEB@1"/></gates><devices><device name="XAL5030-472MEB" package="XAL5030"><connects><connect pad="1" pin="1@1" gate="1"/><connect pad="2" pin="2@2" gate="1"/></connects><technologies><technology name=""><attribute name="L" value="4.7E-6" constant="no"/><attribute name="DCR" value="0.04" constant="no"/><attribute name="IDC" value="5.9" constant="no"/><attribute name="Manufacturer_Part_Number" value="XAL5030-472MEB" constant="no"/><attribute name="Vendor" value="Coilcraft" constant="no"/><attribute name="Manufacturer_Name" value="Coilcraft" constant="no"/></technology></technologies></device></devices></deviceset><deviceset name="ERJ-6ENF1003V" prefix=""><gates><gate name="1" addlevel="always" y="0" x="0" symbol="ERJ-6ENF1003V@1"/></gates><devices><device name="ERJ-6ENF1003V" package="0805"><connects><connect pad="1" pin="1@1" gate="1"/><connect pad="2" pin="2@2" gate="1"/></connects><technologies><technology name=""><attribute name="Resistance" value="100000.0" constant="no"/><attribute name="Power" value="0.125" constant="no"/><attribute name="Tolerance" value="1.0" constant="no"/><attribute name="Manufacturer_Part_Number" value="ERJ-6ENF1003V" constant="no"/><attribute name="Vendor" value="Panasonic" constant="no"/><attribute name="Manufacturer_Name" value="Panasonic" constant="no"/></technology></technologies></device></devices></deviceset><deviceset name="TPS55165QPWPRQ1" prefix="U"><gates><gate name="1" addlevel="always" y="0" x="0" symbol="TPS55165QPWPRQ1@1"/></gates><devices><device name="TPS55165QPWPRQ1" package="PWP0020P_N"><connects><connect pad="1" pin="PGND@1" gate="1"/><connect pad="2" pin="L1@2" gate="1"/><connect pad="3" pin="BST1@3" gate="1"/><connect pad="4" pin="VINP@4" gate="1"/><connect pad="5" pin="VINL@5" gate="1"/><connect pad="6" pin="IGN@6" gate="1"/><connect pad="7" pin="PS@7" gate="1"/><connect pad="8" pin="IGN_PWRL@8" gate="1"/><connect pad="9" pin="SS_EN@9" gate="1"/><connect pad="10" pin="PG_DLY@10" gate="1"/><connect pad="11" pin="VREG_Q@11" gate="1"/><connect pad="12" pin="VREG@12" gate="1"/><connect pad="13" pin="GND@13" gate="1"/><connect pad="14" pin="VOS_FB@14" gate="1"/><connect pad="15" pin="PG@15" gate="1"/><connect pad="16" pin="VOUT_SENSE@16" gate="1"/><connect pad="17" pin="VOUT@17" gate="1"/><connect pad="18" pin="GND@18" gate="1"/><connect pad="19" pin="BST2@19" gate="1"/><connect pad="20" pin="L2@20" gate="1"/><connect pad="21" pin="PAD@21" gate="1"/></connects><technologies><technology name=""><attribute name="PartNumber" value="TPS55165PWPQ1" constant="no"/><attribute name="Manufacturer" value="Texas Instruments" constant="no"/><attribute name="RefDes" value="RefDes" constant="no"/><attribute name="TYPE" value="TYPE" constant="no"/><attribute name="Value" value="Value" constant="no"/><attribute name="Manufacturer_Part_Number" value="TPS55165QPWPRQ1" constant="no"/><attribute name="Manufacturer_Name" value="Texas Instruments" constant="no"/></technology></technologies></device></devices></deviceset><deviceset name="WB_BATTERY" prefix=""><gates><gate name="1" addlevel="always" y="0" x="0" symbol="WB_BATTERY@1"/></gates><devices><device name="WB_BATTERY" package="WB_BATTERY"><connects><connect pad="1" pin="+@1" gate="1"/><connect pad="2" pin="-@2" gate="1"/></connects><technologies><technology name=""><attribute name="Value" value="Value" constant="no"/><attribute name="Manufacturer_Part_Number" value="WB_BATTERY" constant="no"/><attribute name="Manufacturer_Name" value="WB_BATTERY" constant="no"/><attribute name="PowerPortType" value="POWER_GROUND" constant="no"/></technology></technologies></device></devices></deviceset><deviceset name="WB_CURRENT_LOAD" prefix=""><gates><gate name="1" addlevel="always" y="0" x="0" symbol="WB_CURRENT_LOAD@1"/></gates><devices><device name="WB_CURRENT_LOAD" package="WB_CURRENT_LOAD"><connects><connect pad="1" pin="+@1" gate="1"/><connect pad="2" pin="-@2" gate="1"/></connects><technologies><technology name=""><attribute name="Value" value="Value" constant="no"/><attribute name="Manufacturer_Part_Number" value="WB_CURRENT_LOAD" constant="no"/><attribute name="Manufacturer_Name" value="WB_CURRENT_LOAD" constant="no"/><attribute name="PowerPortType" value="POWER_GROUND" constant="no"/></technology></technologies></device></devices></deviceset></devicesets></library></libraries><attributes/><variantdefs/><classes><class number="0" name="default" width="0" drill="0"/></classes><parts><part name="CBST1" library="AcceleratedDesigns_Lib" device="C0603C104Z3VACTU" deviceset="C0603C104Z3VACTU" value="100nF"/><part name="CBST2" library="AcceleratedDesigns_Lib" device="GRM155R71A104KA01D" deviceset="GRM155R71A104KA01D" value="100nF"/><part name="CIN" library="AcceleratedDesigns_Lib" device="C2012X5R1V226M125AC" deviceset="C2012X5R1V226M125AC" value="22uF"/><part name="CINX" library="AcceleratedDesigns_Lib" device="GMK212BJ474KG-T" deviceset="GMK212BJ474KG-T" value="470nF"/><part name="CO_SENSE" library="AcceleratedDesigns_Lib" device="C2012X7R1H104K085AA" deviceset="C2012X7R1H104K085AA" value="100nF"/><part name="COUT" library="AcceleratedDesigns_Lib" device="C2012X5R1V226M125AC" deviceset="C2012X5R1V226M125AC" value="22uF"/><part name="CVREG" library="AcceleratedDesigns_Lib" device="GRM155R61A475MEAAD" deviceset="GRM155R61A475MEAAD" value="4.7uF"/><part name="GND10" library="AcceleratedDesigns_Lib" device="WB_GND" deviceset="WB_GND" value="WB_GND"/><part name="GND9" library="AcceleratedDesigns_Lib" device="WB_GND" deviceset="WB_GND" value="WB_GND"/><part name="L1" library="AcceleratedDesigns_Lib" device="XAL5030-472MEB" deviceset="XAL5030-472MEB" value="4.7uH"/><part name="RPG" library="AcceleratedDesigns_Lib" device="ERJ-6ENF1003V" deviceset="ERJ-6ENF1003V" value="100k"/><part name="U1" library="AcceleratedDesigns_Lib" device="TPS55165QPWPRQ1" deviceset="TPS55165QPWPRQ1" value="TPS55165QPWPRQ1"/><part name="VIN" library="AcceleratedDesigns_Lib" device="WB_BATTERY" deviceset="WB_BATTERY" value="WB_BATTERY"/><part name="IOUT" library="AcceleratedDesigns_Lib" device="WB_CURRENT_LOAD" deviceset="WB_CURRENT_LOAD" value="WB_CURRENT_LOAD"/></parts><sheets><sheet><plain/><instances><instance part="Cbst1" gate="1" x="172.72" y="67.31" rot="R180" smashed="yes"><attribute name="NAME" x="172.72" y="73.406" size="2" layer="95" rot="R0" align="bottom-center"/><attribute name="VALUE" x="172.72" y="60.452" size="2" layer="96" rot="R0" align="bottom-center"/></instance><instance part="Cbst2" gate="1" x="172.72" y="44.45" rot="R180" smashed="yes"><attribute name="NAME" x="172.72" y="50.546" size="2" layer="95" rot="R0" align="bottom-center"/><attribute name="VALUE" x="172.72" y="37.592" size="2" layer="96" rot="R0" align="bottom-center"/></instance><instance part="Cin" gate="1" x="49.53" y="59.69" rot="R90" smashed="yes"><attribute name="NAME" x="52.578" y="64.008" size="2" layer="95" rot="R0" align="bottom-left"/><attribute name="VALUE" x="52.578" y="59.436" size="2" layer="96" rot="R0" align="bottom-left"/></instance><instance part="Cinx" gate="1" x="81.28" y="62.23" rot="R90" smashed="yes"><attribute name="NAME" x="84.328" y="66.548" size="2" layer="95" rot="R0" align="bottom-left"/><attribute name="VALUE" x="84.328" y="61.976" size="2" layer="96" rot="R0" align="bottom-left"/></instance><instance part="Co_sense" gate="1" x="314.96" y="64.77" rot="R90" smashed="yes"><attribute name="NAME" x="318.008" y="69.088" size="2" layer="95" rot="R0" align="bottom-left"/><attribute name="VALUE" x="318.008" y="64.516" size="2" layer="96" rot="R0" align="bottom-left"/></instance><instance part="Cout" gate="1" x="335.28" y="64.77" rot="R90" smashed="yes"><attribute name="NAME" x="338.328" y="69.088" size="2" layer="95" rot="R0" align="bottom-left"/><attribute name="VALUE" x="338.328" y="64.516" size="2" layer="96" rot="R0" align="bottom-left"/></instance><instance part="Cvreg" gate="1" x="285.75" y="48.26" rot="R90" smashed="yes"><attribute name="NAME" x="288.798" y="52.578" size="2" layer="95" rot="R0" align="bottom-left"/><attribute name="VALUE" x="288.798" y="48.006" size="2" layer="96" rot="R0" align="bottom-left"/></instance><instance part="GND10" gate="1" x="308.61" y="74.93" rot="R0" smashed="yes"><attribute name="NAME" x="308.61" y="80.518" size="2" layer="95" display="off" rot="R0" align="bottom-center"/></instance><instance part="GND9" gate="1" x="219.71" y="27.94" rot="R0" smashed="yes"><attribute name="NAME" x="219.71" y="33.528" size="2" layer="95" display="off" rot="R0" align="bottom-center"/></instance><instance part="L1" gate="1" x="127" y="55.88" rot="R90" smashed="yes"><attribute name="NAME" x="128.27" y="58.42" size="2" layer="95" rot="R0" align="bottom-left"/><attribute name="VALUE" x="128.27" y="53.848" size="2" layer="96" rot="R0" align="bottom-left"/></instance><instance part="Rpg" gate="1" x="264.16" y="95.25" rot="R90" smashed="yes"><attribute name="NAME" x="265.684" y="98.044" size="2" layer="95" rot="R0" align="bottom-left"/><attribute name="VALUE" x="265.684" y="93.472" size="2" layer="96" rot="R0" align="bottom-left"/></instance><instance part="U1" gate="1" x="224.79" y="69.85" rot="R0" smashed="yes"><attribute name="NAME" x="224.79" y="69.85" size="2" layer="95" rot="R0" align="bottom-center"/><attribute name="TYPE" x="224.79" y="66.04" size="2" layer="96" rot="R0" align="bottom-center"/></instance><instance part="Vin" gate="1" x="29.21" y="69.85" rot="R270" smashed="yes"><attribute name="NAME" x="33.02" y="74.93" size="2" layer="95" rot="R0" align="bottom-left"/></instance><instance part="Iout" gate="1" x="363.22" y="54.61" rot="R270" smashed="yes"><attribute name="NAME" x="367.284" y="59.944" size="2" layer="95" rot="R0" align="bottom-left"/></instance></instances><busses/><nets><net name="7" class="0"><segment><pinref part="Cbst1" pin="1@1" gate="1"/><pinref part="L1" pin="2@2" gate="1"/><pinref part="U1" pin="L1@2" gate="1"/><wire x1="127" y1="63.5" x2="127" y2="67.31" width="0" layer="91"/><wire x1="160.02" y1="59.69" x2="160.02" y2="67.31" width="0" layer="91"/><wire x1="160.02" y1="59.69" x2="201.93" y2="59.69" width="0" layer="91"/><wire x1="127" y1="67.31" x2="165.1" y2="67.31" width="0" layer="91"/></segment></net><net name="2" class="0"><segment><pinref part="Cbst1" pin="2@2" gate="1"/><pinref part="U1" pin="BST1@3" gate="1"/><wire x1="180.34" y1="67.31" x2="201.93" y2="67.31" width="0" layer="91"/></segment></net><net name="6" class="0"><segment><pinref part="Cbst2" pin="1@1" gate="1"/><pinref part="L1" pin="1@1" gate="1"/><pinref part="U1" pin="L2@20" gate="1"/><wire x1="127" y1="48.26" x2="127" y2="44.45" width="0" layer="91"/><wire x1="160.02" y1="44.45" x2="160.02" y2="52.07" width="0" layer="91"/><wire x1="160.02" y1="52.07" x2="201.93" y2="52.07" width="0" layer="91"/><wire x1="165.1" y1="44.45" x2="127" y2="44.45" width="0" layer="91"/></segment></net><net name="1" class="0"><segment><pinref part="Cbst2" pin="2@2" gate="1"/><pinref part="U1" pin="BST2@19" gate="1"/><wire x1="180.34" y1="44.45" x2="201.93" y2="44.45" width="0" layer="91"/></segment></net><net name="5" class="0"><segment><pinref part="Cin" pin="1@1" gate="1"/><pinref part="Cinx" pin="1@1" gate="1"/><pinref part="U1" pin="VINP@4" gate="1"/><pinref part="U1" pin="VINL@5" gate="1"/><pinref part="U1" pin="IGN@6" gate="1"/><pinref part="Vin" pin="+@1" gate="1"/><wire x1="81.28" y1="69.85" x2="81.28" y2="92.71" width="0" layer="91"/><wire x1="81.28" y1="92.71" x2="201.93" y2="92.71" width="0" layer="91"/><wire x1="137.16" y1="92.71" x2="137.16" y2="82.55" width="0" layer="91"/><wire x1="180.34" y1="87.63" x2="180.34" y2="92.71" width="0" layer="91"/><wire x1="180.34" y1="87.63" x2="201.93" y2="87.63" width="0" layer="91"/><wire x1="201.93" y1="82.55" x2="137.16" y2="82.55" width="0" layer="91"/><wire x1="49.53" y1="67.31" x2="49.53" y2="90.17" width="0" layer="91"/><wire x1="29.21" y1="90.17" x2="81.28" y2="90.17" width="0" layer="91"/><wire x1="29.21" y1="77.47" x2="29.21" y2="90.17" width="0" layer="91"/></segment></net><net name="0" class="0"><segment><pinref part="Cin" pin="2@2" gate="1"/><pinref part="Cinx" pin="2@2" gate="1"/><pinref part="Co_sense" pin="2@2" gate="1"/><pinref part="Cout" pin="2@2" gate="1"/><pinref part="Cvreg" pin="2@2" gate="1"/><pinref part="GND10" pin="1@1" gate="1"/><pinref part="GND9" pin="1@1" gate="1"/><pinref part="U1" pin="PGND@1" gate="1"/><pinref part="U1" pin="PS@7" gate="1"/><pinref part="U1" pin="IGN_PWRL@8" gate="1"/><pinref part="U1" pin="SS_EN@9" gate="1"/><pinref part="U1" pin="PG_DLY@10" gate="1"/><pinref part="U1" pin="GND@13" gate="1"/><pinref part="U1" pin="VOS_FB@14" gate="1"/><pinref part="U1" pin="GND@18" gate="1"/><pinref part="U1" pin="PAD@21" gate="1"/><pinref part="Vin" pin="-@2" gate="1"/><pinref part="Iout" pin="-@2" gate="1"/><wire x1="114.3" y1="34.29" x2="114.3" y2="77.47" width="0" layer="91"/><wire x1="114.3" y1="77.47" x2="201.93" y2="77.47" width="0" layer="91"/><wire x1="182.88" y1="34.29" x2="182.88" y2="72.39" width="0" layer="91"/><wire x1="182.88" y1="72.39" x2="201.93" y2="72.39" width="0" layer="91"/><wire x1="262.89" y1="34.29" x2="262.89" y2="57.15" width="0" layer="91"/><wire x1="245.11" y1="57.15" x2="262.89" y2="57.15" width="0" layer="91"/><wire x1="299.72" y1="34.29" x2="299.72" y2="72.39" width="0" layer="91"/><wire x1="245.11" y1="72.39" x2="299.72" y2="72.39" width="0" layer="91"/><wire x1="49.53" y1="52.07" x2="49.53" y2="34.29" width="0" layer="91"/><wire x1="81.28" y1="54.61" x2="81.28" y2="34.29" width="0" layer="91"/><wire x1="219.71" y1="30.48" x2="219.71" y2="34.29" width="0" layer="91"/><wire x1="247.65" y1="34.29" x2="247.65" y2="52.07" width="0" layer="91"/><wire x1="247.65" y1="77.47" x2="308.61" y2="77.47" width="0" layer="91"/><wire x1="285.75" y1="40.64" x2="285.75" y2="34.29" width="0" layer="91"/><wire x1="314.96" y1="57.15" x2="314.96" y2="34.29" width="0" layer="91"/><wire x1="335.28" y1="57.15" x2="335.28" y2="34.29" width="0" layer="91"/><wire x1="29.21" y1="34.29" x2="363.22" y2="34.29" width="0" layer="91"/><wire x1="29.21" y1="34.29" x2="29.21" y2="62.23" width="0" layer="91"/><wire x1="363.22" y1="34.29" x2="363.22" y2="46.99" width="0" layer="91"/></segment></net><net name="8" class="0"><segment><pinref part="Co_sense" pin="1@1" gate="1"/><pinref part="Cout" pin="1@1" gate="1"/><pinref part="Rpg" pin="1@1" gate="1"/><pinref part="U1" pin="VOUT_SENSE@16" gate="1"/><pinref part="U1" pin="VOUT@17" gate="1"/><pinref part="Iout" pin="+@1" gate="1"/><wire x1="247.65" y1="82.55" x2="314.96" y2="82.55" width="0" layer="91"/><wire x1="247.65" y1="92.71" x2="247.65" y2="102.87" width="0" layer="91"/><wire x1="247.65" y1="102.87" x2="335.28" y2="102.87" width="0" layer="91"/><wire x1="314.96" y1="72.39" x2="314.96" y2="102.87" width="0" layer="91"/><wire x1="335.28" y1="72.39" x2="335.28" y2="102.87" width="0" layer="91"/><wire x1="335.28" y1="90.17" x2="363.22" y2="90.17" width="0" layer="91"/><wire x1="363.22" y1="62.23" x2="363.22" y2="90.17" width="0" layer="91"/></segment></net><net name="10" class="0"><segment><pinref part="Cvreg" pin="1@1" gate="1"/><pinref part="U1" pin="VREG_Q@11" gate="1"/><pinref part="U1" pin="VREG@12" gate="1"/><wire x1="247.65" y1="62.23" x2="285.75" y2="62.23" width="0" layer="91"/><wire x1="285.75" y1="55.88" x2="285.75" y2="67.31" width="0" layer="91"/><wire x1="285.75" y1="67.31" x2="247.65" y2="67.31" width="0" layer="91"/></segment></net><net name="3" class="0"><segment><pinref part="Rpg" pin="2@2" gate="1"/><pinref part="U1" pin="PG@15" gate="1"/><wire x1="247.65" y1="87.63" x2="264.16" y2="87.63" width="0" layer="91"/></segment></net></nets></sheet></sheets></schematic></drawing></eagle>
